Title,Company,Reward,Link
백앤드 개발 리더,론픽,합격보상금 100만원,https://www.wanted.co.kr/wd/279017
[서울] Sr. 백앤드 개발자 (5년이상),크리스틴컴퍼니,합격보상금 100만원,https://www.wanted.co.kr/wd/279579
[부산] Sr. 백앤드 개발자 (3년이상),크리스틴컴퍼니,합격보상금 100만원,https://www.wanted.co.kr/wd/279578
[부산] Sr. 백앤드 개발자 (5년이상),크리스틴컴퍼니,합격보상금 100만원,https://www.wanted.co.kr/wd/279580
백앤드개발자,더블유닷에이아이,합격보상금 100만원,https://www.wanted.co.kr/wd/265875
[서울] Sr. 백앤드 개발자 (3년이상),크리스틴컴퍼니,합격보상금 100만원,https://www.wanted.co.kr/wd/279577
백앤드 개발 리더,론픽,합격보상금 100만원,https://www.wanted.co.kr/wd/279017
[서울] Sr. 백앤드 개발자 (5년이상),크리스틴컴퍼니,합격보상금 100만원,https://www.wanted.co.kr/wd/279579
[부산] Sr. 백앤드 개발자 (3년이상),크리스틴컴퍼니,합격보상금 100만원,https://www.wanted.co.kr/wd/279578
[부산] Sr. 백앤드 개발자 (5년이상),크리스틴컴퍼니,합격보상금 100만원,https://www.wanted.co.kr/wd/279580
백앤드개발자,더블유닷에이아이,합격보상금 100만원,https://www.wanted.co.kr/wd/265875
[서울] Sr. 백앤드 개발자 (3년이상),크리스틴컴퍼니,합격보상금 100만원,https://www.wanted.co.kr/wd/279577
