Title,Company,Reward,Link
Flutter 개발자,티크리미,합격보상금 100만원,https://www.wanted.co.kr/wd/283206
Flutter Web 개발자 (Mid-level / 2년 이상),동신항운,합격보상금 100만원,https://www.wanted.co.kr/wd/282786
Flutter 모바일 앱 개발자 (신입/주니어),뉴마핏,합격보상금 100만원,https://www.wanted.co.kr/wd/282964
Flutter 개발자(2년 이상),그레인뱅크,합격보상금 100만원,https://www.wanted.co.kr/wd/282042
해빗파워 어플리케이션 flutter 개발자,백프로,합격보상금 100만원,https://www.wanted.co.kr/wd/234672
Flutter App Developer (3년 이상),플레이태그,합격보상금 100만원,https://www.wanted.co.kr/wd/275927
모바일 엔지니어 (Flutter),엘리스,합격보상금 100만원,https://www.wanted.co.kr/wd/262121
Flutter App 개발자,제네시스네스트,합격보상금 100만원,https://www.wanted.co.kr/wd/232666
Flutter 개발자,티크리미,합격보상금 100만원,https://www.wanted.co.kr/wd/283206
Flutter Web 개발자 (Mid-level / 2년 이상),동신항운,합격보상금 100만원,https://www.wanted.co.kr/wd/282786
Flutter 모바일 앱 개발자 (신입/주니어),뉴마핏,합격보상금 100만원,https://www.wanted.co.kr/wd/282964
Flutter 개발자(2년 이상),그레인뱅크,합격보상금 100만원,https://www.wanted.co.kr/wd/282042
해빗파워 어플리케이션 flutter 개발자,백프로,합격보상금 100만원,https://www.wanted.co.kr/wd/234672
Flutter App Developer (3년 이상),플레이태그,합격보상금 100만원,https://www.wanted.co.kr/wd/275927
모바일 엔지니어 (Flutter),엘리스,합격보상금 100만원,https://www.wanted.co.kr/wd/262121
Flutter App 개발자,제네시스네스트,합격보상금 100만원,https://www.wanted.co.kr/wd/232666
Flutter 앱 개발자 (2년 이상),무사퇴근,합격보상금 100만원,https://www.wanted.co.kr/wd/274237
Flutter 시니어 개발자,KAYPLE,합격보상금 100만원,https://www.wanted.co.kr/wd/283632
[Plus]Flutter 개발자,앤서스랩코리아,합격보상금 100만원,https://www.wanted.co.kr/wd/279508
Flutter Web 개발자 (Senior / 5년 이상),동신항운,합격보상금 100만원,https://www.wanted.co.kr/wd/282789
[개발] 앱(Flutter) 개발팀 팀장(7년이상),중고나라,합격보상금 100만원,https://www.wanted.co.kr/wd/256682
"개발팀장 (플러터+백엔드 개발, 5년 이상)",더블유클럽,합격보상금 100만원,https://www.wanted.co.kr/wd/191442
Flutter App Senior 개발자,셀러비코리아,합격보상금 100만원,https://www.wanted.co.kr/wd/273403
Flutter/Node.js 풀스택 앱 개발자,시놀,합격보상금 100만원,https://www.wanted.co.kr/wd/282728
프론트엔드 개발자,플립커뮤니케이션즈,합격보상금 100만원,https://www.wanted.co.kr/wd/120477
[Platform]Flutter App Engineer,앤서스랩코리아,합격보상금 100만원,https://www.wanted.co.kr/wd/283111
프론트엔드개발자[FLUTTER],피앤에이치글로벌,합격보상금 100만원,https://www.wanted.co.kr/wd/283638
Flutter Web CRM 개발자,에이치아이티,합격보상금 100만원,https://www.wanted.co.kr/wd/270330
앱(Flutter) 개발,어플레이즈,합격보상금 100만원,https://www.wanted.co.kr/wd/258622
Flutter 개발자,한국클라우드,합격보상금 100만원,https://www.wanted.co.kr/wd/256864
플러터(Flutter) 웹(Web) 개발자,에이치아이티,합격보상금 100만원,https://www.wanted.co.kr/wd/262569
[SW팀] 크로스플랫폼 앱 개발자(Flutter),이노버스,합격보상금 100만원,https://www.wanted.co.kr/wd/249843
Flutter 개발자,코보시스,합격보상금 100만원,https://www.wanted.co.kr/wd/99737
프론트엔드 개발 리드 (7년차 이상),페이버릿미디엄,합격보상금 100만원,https://www.wanted.co.kr/wd/260050
[계약직] Flutter / node.js 개발자,인졀미,합격보상금 100만원,https://www.wanted.co.kr/wd/238403
Flutter 모바일 개발,버터플라잉,합격보상금 100만원,https://www.wanted.co.kr/wd/215084
"안드로이드 개발자 (Flutter, Android)",그래픽,합격보상금 100만원,https://www.wanted.co.kr/wd/282762
Flutter 크로스플랫폼 앱 개발자 (3년 이상),스튜디오프리윌루전,합격보상금 100만원,https://www.wanted.co.kr/wd/278132
Flutter 프로덕트 엔지니어 (2년 이상),어글리랩,합격보상금 100만원,https://www.wanted.co.kr/wd/279770
"모바일 앱 개발자 (Flutter, iOS, Android)",에임(AIM),합격보상금 100만원,https://www.wanted.co.kr/wd/269482
앱 개발자 (Flutter),누비랩,합격보상금 100만원,https://www.wanted.co.kr/wd/270410
Flutter 앱 개발자 (1~2년),더스퀘어이엔엠,합격보상금 100만원,https://www.wanted.co.kr/wd/281847
"주니어 프론트엔드 개발자(Next.js, Typescript)",컨시언스파트너스,합격보상금 100만원,https://www.wanted.co.kr/wd/263167
[애드테크/마케팅/리워드앱] 앱 개발자 (프론트엔드),원셀프월드,합격보상금 100만원,https://www.wanted.co.kr/wd/278519
[재택가능] Flutter 개발자 (온라인 교육 & 프로젝트 개발),코드코호트,합격보상금 100만원,https://www.wanted.co.kr/wd/282277
Flutter Web 개발자 (Junior  / 신입 1년 이하),동신항운,합격보상금 100만원,https://www.wanted.co.kr/wd/282788
[일레븐플러스] Flutter 개발,캔랩코리아,합격보상금 100만원,https://www.wanted.co.kr/wd/279289
Flutter 앱 개발자,투어라이브,합격보상금 100만원,https://www.wanted.co.kr/wd/275779
Jr. Frontend Mobile Engineer (Dart / Flutter),테크타카(ARGO),합격보상금 100만원,https://www.wanted.co.kr/wd/279398
[신입] 모바일 엔지니어 (Flutter),엘리스,합격보상금 100만원,https://www.wanted.co.kr/wd/262125
"플러터 개발자 (Flutter, 3년 이상)",클레온,합격보상금 100만원,https://www.wanted.co.kr/wd/279125
모바일 앱 개발자 (Flutter),트리플콤마(골드스푼),합격보상금 100만원,https://www.wanted.co.kr/wd/228740
Front-end developer,베스펙스,합격보상금 100만원,https://www.wanted.co.kr/wd/282230
Flutter App Senior 개발자 (5년 이상),에스케이렌터카(SK렌터카),합격보상금 100만원,https://www.wanted.co.kr/wd/270459
모바일 앱 개발자(Flutter),부지런컴퍼니,합격보상금 100만원,https://www.wanted.co.kr/wd/260319
Flutter Developer,더스윙,합격보상금 100만원,https://www.wanted.co.kr/wd/280891
Sr. Frontend Mobile Engineer (Dart / Flutter),테크타카(ARGO),합격보상금 100만원,https://www.wanted.co.kr/wd/279403
"프론트엔드 / 모바일 (Vue, Flutter) 엔지니어",드래프티파이,합격보상금 100만원,https://www.wanted.co.kr/wd/220132
